Job Title,Address,Job Link,Organization Name
Frontend Developer - Javascript,"Pune, Maharashtra, India",https://in.linkedin.com/jobs/view/frontend-developer-javascript-at-visionyle-solutions-3965448578?position=1&pageNum=0&refId=KkefcMB%2BCKUz4vjyDz3uMQ%3D%3D&trackingId=zjnb2qI7dLVpHRKE4GGAzg%3D%3D&trk=public_jobs_jserp-result_search-card,Visionyle Solutions
Frontend Developer,"Pune, Maharashtra, India",https://in.linkedin.com/jobs/view/frontend-developer-at-1tap-3968061173?position=2&pageNum=0&refId=KkefcMB%2BCKUz4vjyDz3uMQ%3D%3D&trackingId=PRCUVV0bSOIIYMwe2Y014A%3D%3D&trk=public_jobs_jserp-result_search-card,1Tap
Frontend Developer,"Pune, Maharashtra, India",https://in.linkedin.com/jobs/view/frontend-developer-at-brandzgarage-3627620781?position=3&pageNum=0&refId=KkefcMB%2BCKUz4vjyDz3uMQ%3D%3D&trackingId=sHHqZhUwGCXI%2BAwgCzEvWw%3D%3D&trk=public_jobs_jserp-result_search-card,BrandzGarage
Frontend Developer,"Pune, Maharashtra, India",https://in.linkedin.com/jobs/view/frontend-developer-at-debtors-watch-llp-3968025512?position=4&pageNum=0&refId=KkefcMB%2BCKUz4vjyDz3uMQ%3D%3D&trackingId=xdSXVPO50RbWnAhbO2UMzA%3D%3D&trk=public_jobs_jserp-result_search-card,Debtors Watch LLP
Frontend Developer,"Pune, Maharashtra, India",https://in.linkedin.com/jobs/view/frontend-developer-at-connexdoor-3656594713?position=5&pageNum=0&refId=KkefcMB%2BCKUz4vjyDz3uMQ%3D%3D&trackingId=Duf%2BFmiA2hEb7MY0MbGvOw%3D%3D&trk=public_jobs_jserp-result_search-card,Connexdoor
Frontend Developer,"Pune, Maharashtra, India",https://in.linkedin.com/jobs/view/frontend-developer-at-startupwala-3656597318?position=6&pageNum=0&refId=KkefcMB%2BCKUz4vjyDz3uMQ%3D%3D&trackingId=%2Bhxx8rz%2BFSZ9AgSZm0hdog%3D%3D&trk=public_jobs_jserp-result_search-card,Startupwala
Frontend Developer,"Pune, Maharashtra, India",https://in.linkedin.com/jobs/view/frontend-developer-at-zensar-technologies-3958865330?position=7&pageNum=0&refId=KkefcMB%2BCKUz4vjyDz3uMQ%3D%3D&trackingId=0Z4eHXJ5ADKI3ID%2Broibqw%3D%3D&trk=public_jobs_jserp-result_search-card,Zensar Technologies
"Web UI Developer at Hinjewadi, Pune","Pune, Maharashtra, India",https://in.linkedin.com/jobs/view/web-ui-developer-at-hinjewadi-pune-at-2soft-solutions-pvt-ltd-%23itrecruitment-3968049251?position=8&pageNum=0&refId=KkefcMB%2BCKUz4vjyDz3uMQ%3D%3D&trackingId=hipGVHJlfzPFFEXgP8557w%3D%3D&trk=public_jobs_jserp-result_search-card,2Soft Solutions Pvt Ltd #ITRecruitment
Front End Developer,"Pune, Maharashtra, India",https://in.linkedin.com/jobs/view/front-end-developer-at-edreamz-technologies-shopify-experts-partner-agency-and-web-solutions-provider-in-india-3917300732?position=9&pageNum=0&refId=KkefcMB%2BCKUz4vjyDz3uMQ%3D%3D&trackingId=N93zxnFtLeloy3NMTFJfLQ%3D%3D&trk=public_jobs_jserp-result_search-card,Edreamz Technologies | Shopify Experts Partner Agency and Web Solutions Provider in India
Interesting Job Opportunity: Deqode - React.js Developer - AngularJS/Javascript,"Pune, Maharashtra, India",https://in.linkedin.com/jobs/view/interesting-job-opportunity-deqode-react-js-developer-angularjs-javascript-at-deqode-3928008200?position=10&pageNum=0&refId=KkefcMB%2BCKUz4vjyDz3uMQ%3D%3D&trackingId=exMFXvlAnCinwuCxTfUjAQ%3D%3D&trk=public_jobs_jserp-result_search-card,Deqode
Interesting Job Opportunity: Deqode - React.js Developer - Javascript,"Pune, Maharashtra, India",https://in.linkedin.com/jobs/view/interesting-job-opportunity-deqode-react-js-developer-javascript-at-deqode-3928004326?position=11&pageNum=0&refId=KkefcMB%2BCKUz4vjyDz3uMQ%3D%3D&trackingId=2XzJaTBv83Nulwy0xxDipA%3D%3D&trk=public_jobs_jserp-result_search-card,Deqode
Front-End Developer,"Pune, Maharashtra, India",https://in.linkedin.com/jobs/view/front-end-developer-at-hiring-india-recruitment-3968037258?position=12&pageNum=0&refId=KkefcMB%2BCKUz4vjyDz3uMQ%3D%3D&trackingId=SpLY9YfNVKqZ0Eq7dGPaiw%3D%3D&trk=public_jobs_jserp-result_search-card,Hiring India Recruitment
Frontend Engineer,"Pune, Maharashtra, India",https://in.linkedin.com/jobs/view/frontend-engineer-at-fusemachines-3903381394?position=13&pageNum=0&refId=KkefcMB%2BCKUz4vjyDz3uMQ%3D%3D&trackingId=Rds8T%2FI0Mh6vwK6FibsHeA%3D%3D&trk=public_jobs_jserp-result_search-card,Fusemachines
Frontend Developer Intern,"Pune, Maharashtra, India",https://in.linkedin.com/jobs/view/frontend-developer-intern-at-centre-for-computational-technologies-cctech-3979450484?position=14&pageNum=0&refId=KkefcMB%2BCKUz4vjyDz3uMQ%3D%3D&trackingId=dx3AvjTTTv0wb6CMf7fS7g%3D%3D&trk=public_jobs_jserp-result_search-card,Centre for Computational Technologies (CCTech)
Frontend Developer,"Pune, Maharashtra, India",https://in.linkedin.com/jobs/view/frontend-developer-at-pivotchain-solutions-3656595898?position=15&pageNum=0&refId=KkefcMB%2BCKUz4vjyDz3uMQ%3D%3D&trackingId=JNILx4NJq7Wksd4PKEz7hw%3D%3D&trk=public_jobs_jserp-result_search-card,Pivotchain Solutions
Frontend Developer,"Pune, Maharashtra, India",https://in.linkedin.com/jobs/view/frontend-developer-at-r3-consultant-3968049207?position=16&pageNum=0&refId=KkefcMB%2BCKUz4vjyDz3uMQ%3D%3D&trackingId=h24zfmm3BkqWu%2FcqpvbWWg%3D%3D&trk=public_jobs_jserp-result_search-card,r3 Consultant
Frontend Developer,"Pune, Maharashtra, India",https://in.linkedin.com/jobs/view/frontend-developer-at-debtors-watch-llp-3969501573?position=17&pageNum=0&refId=KkefcMB%2BCKUz4vjyDz3uMQ%3D%3D&trackingId=1yqyYeeTQiTbQZ2VjfHBZg%3D%3D&trk=public_jobs_jserp-result_search-card,Debtors Watch LLP
Frontend Developer,"Pune, Maharashtra, India",https://in.linkedin.com/jobs/view/frontend-developer-at-debtors-watch-llp-3969505360?position=18&pageNum=0&refId=KkefcMB%2BCKUz4vjyDz3uMQ%3D%3D&trackingId=X8lRHGJQMA%2FQ9f2xEhaEgA%3D%3D&trk=public_jobs_jserp-result_search-card,Debtors Watch LLP
Frontend Developer,"Pune, Maharashtra, India",https://in.linkedin.com/jobs/view/frontend-developer-at-r3-consultant-3968043552?position=19&pageNum=0&refId=KkefcMB%2BCKUz4vjyDz3uMQ%3D%3D&trackingId=UQQczS4SW%2BwQSW5LHb4%2BDw%3D%3D&trk=public_jobs_jserp-result_search-card,r3 Consultant
Frontend Developer,"Pune, Maharashtra, India",https://in.linkedin.com/jobs/view/frontend-developer-at-r3-consultant-3968042998?position=20&pageNum=0&refId=KkefcMB%2BCKUz4vjyDz3uMQ%3D%3D&trackingId=PRcbLll0A2zyoBwCDDYYVg%3D%3D&trk=public_jobs_jserp-result_search-card,r3 Consultant
UI Developer - AngularJS/React.js,"Pune, Maharashtra, India",https://in.linkedin.com/jobs/view/ui-developer-angularjs-react-js-at-taliun-3627622569?position=21&pageNum=0&refId=KkefcMB%2BCKUz4vjyDz3uMQ%3D%3D&trackingId=Skfi6qqaooLbtUx8zU8YhA%3D%3D&trk=public_jobs_jserp-result_search-card,Taliun
Frontend Engineer,"Pune, Maharashtra, India",https://in.linkedin.com/jobs/view/frontend-engineer-at-intouchapp-3627623420?position=22&pageNum=0&refId=KkefcMB%2BCKUz4vjyDz3uMQ%3D%3D&trackingId=1WgseP9kaXX7XnpvkwBjqw%3D%3D&trk=public_jobs_jserp-result_search-card,InTouchApp
Frontend Developer,"Pune, Maharashtra, India",https://in.linkedin.com/jobs/view/frontend-developer-at-r3-consultant-3968046093?position=23&pageNum=0&refId=KkefcMB%2BCKUz4vjyDz3uMQ%3D%3D&trackingId=8xIjBywzDeT%2FObx5Hc%2FO5A%3D%3D&trk=public_jobs_jserp-result_search-card,r3 Consultant
Frontend Developer,"Pune, Maharashtra, India",https://in.linkedin.com/jobs/view/frontend-developer-at-r3-consultant-3968045453?position=24&pageNum=0&refId=KkefcMB%2BCKUz4vjyDz3uMQ%3D%3D&trackingId=hLBBcPX6bPcOgM5asrwrRA%3D%3D&trk=public_jobs_jserp-result_search-card,r3 Consultant
UI Frontend Developer,"Pune, Maharashtra, India",https://in.linkedin.com/jobs/view/ui-frontend-developer-at-deutsche-bank-3982335360?position=25&pageNum=0&refId=KkefcMB%2BCKUz4vjyDz3uMQ%3D%3D&trackingId=8EJbZmMK%2FWiA0Xv5vCemfQ%3D%3D&trk=public_jobs_jserp-result_search-card,Deutsche Bank
web developer,"Pune, Maharashtra, India",https://in.linkedin.com/jobs/view/web-developer-at-times-and-trends-academy-3799625033?position=26&pageNum=0&refId=KkefcMB%2BCKUz4vjyDz3uMQ%3D%3D&trackingId=qdwnHj7G3%2BRzcr0l%2FhRH6A%3D%3D&trk=public_jobs_jserp-result_search-card,Times And Trends Academy
Frontend Developer,"Pune, Maharashtra, India",https://in.linkedin.com/jobs/view/frontend-developer-at-r3-consultant-3968044008?position=27&pageNum=0&refId=KkefcMB%2BCKUz4vjyDz3uMQ%3D%3D&trackingId=tWcT4g8WQtQ3GgjZCGcbRA%3D%3D&trk=public_jobs_jserp-result_search-card,r3 Consultant
Frontend Developer,"Pune, Maharashtra, India",https://in.linkedin.com/jobs/view/frontend-developer-at-r3-consultant-3968041846?position=28&pageNum=0&refId=KkefcMB%2BCKUz4vjyDz3uMQ%3D%3D&trackingId=KRjgXCj4q134Nts0105IVg%3D%3D&trk=public_jobs_jserp-result_search-card,r3 Consultant
Front End Developer,"Pune, Maharashtra, India",https://in.linkedin.com/jobs/view/front-end-developer-at-ciel-hr-3663768847?position=29&pageNum=0&refId=KkefcMB%2BCKUz4vjyDz3uMQ%3D%3D&trackingId=F5o8cehfoZGKgrzOI4KhEg%3D%3D&trk=public_jobs_jserp-result_search-card,CIEL HR
Front End Developer,"Pune, Maharashtra, India",https://in.linkedin.com/jobs/view/front-end-developer-at-jobdost-3656593756?position=30&pageNum=0&refId=KkefcMB%2BCKUz4vjyDz3uMQ%3D%3D&trackingId=%2F1lVSVD1wxQf1PcQ1kCoBw%3D%3D&trk=public_jobs_jserp-result_search-card,JobDost
Frontend Developer,"Pune, Maharashtra, India",https://in.linkedin.com/jobs/view/frontend-developer-at-r3-consultant-3968041960?position=31&pageNum=0&refId=KkefcMB%2BCKUz4vjyDz3uMQ%3D%3D&trackingId=LHPzrKzTcJw72VNx8zsrzg%3D%3D&trk=public_jobs_jserp-result_search-card,r3 Consultant
React Developer,"Pune, Maharashtra, India",https://in.linkedin.com/jobs/view/react-developer-at-zycus-3929782080?position=32&pageNum=0&refId=KkefcMB%2BCKUz4vjyDz3uMQ%3D%3D&trackingId=5KeAEM1m9RADiZHMqanl7g%3D%3D&trk=public_jobs_jserp-result_search-card,Zycus
Interesting Job Opportunity: Frontend Developer - React.js/Vue.js/AngularJS,"Pune, Maharashtra, India",https://in.linkedin.com/jobs/view/interesting-job-opportunity-frontend-developer-react-js-vue-js-angularjs-at-deqode-3978495148?position=33&pageNum=0&refId=KkefcMB%2BCKUz4vjyDz3uMQ%3D%3D&trackingId=HTEDtPrt8QGyLSsszakl9A%3D%3D&trk=public_jobs_jserp-result_search-card,Deqode
Frontend Developer,"Pune, Maharashtra, India",https://in.linkedin.com/jobs/view/frontend-developer-at-maynor-consulting-pvt-ltd-3886421670?position=34&pageNum=0&refId=KkefcMB%2BCKUz4vjyDz3uMQ%3D%3D&trackingId=sDMg%2FXtXTagb%2BBBCOAkS8A%3D%3D&trk=public_jobs_jserp-result_search-card,Maynor Consulting Pvt Ltd
Frontend Developer,"Pune, Maharashtra, India",https://in.linkedin.com/jobs/view/frontend-developer-at-r3-consultant-3968024633?position=35&pageNum=0&refId=KkefcMB%2BCKUz4vjyDz3uMQ%3D%3D&trackingId=T2OKnh62rVWFpvxWt9Gb2w%3D%3D&trk=public_jobs_jserp-result_search-card,r3 Consultant
Frontend Developer,"Pune, Maharashtra, India",https://in.linkedin.com/jobs/view/frontend-developer-at-provakil-3627610564?position=36&pageNum=0&refId=KkefcMB%2BCKUz4vjyDz3uMQ%3D%3D&trackingId=LmamcrBbagWYcsrPBPY35g%3D%3D&trk=public_jobs_jserp-result_search-card,Provakil
Frontend Developer,"Pune, Maharashtra, India",https://in.linkedin.com/jobs/view/frontend-developer-at-codersbrain-3627609928?position=37&pageNum=0&refId=KkefcMB%2BCKUz4vjyDz3uMQ%3D%3D&trackingId=Ji9Q6UQcUhvt6G%2FeZv9gmw%3D%3D&trk=public_jobs_jserp-result_search-card,CodersBrain
Frontend Developer,"Pune, Maharashtra, India",https://in.linkedin.com/jobs/view/frontend-developer-at-r3-consultant-3968046325?position=38&pageNum=0&refId=KkefcMB%2BCKUz4vjyDz3uMQ%3D%3D&trackingId=1LmuHf9QiH7FstU%2BYLcQ%2FA%3D%3D&trk=public_jobs_jserp-result_search-card,r3 Consultant
HTML Developer (Contract),"Pune, Maharashtra, India",https://in.linkedin.com/jobs/view/html-developer-contract-at-quinstreet-3946446285?position=39&pageNum=0&refId=KkefcMB%2BCKUz4vjyDz3uMQ%3D%3D&trackingId=w7F3aKKANW4DkBKmOHtEPQ%3D%3D&trk=public_jobs_jserp-result_search-card,QuinStreet
Web Developer,"Pune, Maharashtra, India",https://in.linkedin.com/jobs/view/web-developer-at-manabh-software-3917301999?position=40&pageNum=0&refId=KkefcMB%2BCKUz4vjyDz3uMQ%3D%3D&trackingId=aSTp3nHzKytqiW8MdTo%2BlA%3D%3D&trk=public_jobs_jserp-result_search-card,Manabh Software
Frontend Developer,"Pune, Maharashtra, India",https://in.linkedin.com/jobs/view/frontend-developer-at-zoop-one-3656599257?position=41&pageNum=0&refId=KkefcMB%2BCKUz4vjyDz3uMQ%3D%3D&trackingId=wOctp5LFwbTq%2F38xcSReSw%3D%3D&trk=public_jobs_jserp-result_search-card,ZOOP.ONE
Front End Engineer,"Pune, Maharashtra, India",https://in.linkedin.com/jobs/view/front-end-engineer-at-deutsche-bank-3896610733?position=42&pageNum=0&refId=KkefcMB%2BCKUz4vjyDz3uMQ%3D%3D&trackingId=XTfRsHJbjYNXiFyN7CAS9w%3D%3D&trk=public_jobs_jserp-result_search-card,Deutsche Bank
Walkin- FirstCry - PHP Developer - Node.js/MySQL/Laravel,"Pune, Maharashtra, India",https://in.linkedin.com/jobs/view/walkin-firstcry-php-developer-node-js-mysql-laravel-at-firstcry-com-brainbees-solutions-ltd-3945540310?position=43&pageNum=0&refId=KkefcMB%2BCKUz4vjyDz3uMQ%3D%3D&trackingId=ADG68GOgfrG9erWs0R%2Fi%2BA%3D%3D&trk=public_jobs_jserp-result_search-card,FirstCry.com (BrainBees Solutions Ltd.)
Interesting Job Opportunity: React.js Developer - UI,"Pune, Maharashtra, India",https://in.linkedin.com/jobs/view/interesting-job-opportunity-react-js-developer-ui-at-deqode-3974346867?position=44&pageNum=0&refId=KkefcMB%2BCKUz4vjyDz3uMQ%3D%3D&trackingId=UtS90RgdQUnhf0CxJdon3w%3D%3D&trk=public_jobs_jserp-result_search-card,Deqode
Front end developer,"Pune, Maharashtra, India",https://in.linkedin.com/jobs/view/front-end-developer-at-sperton-where-great-people-meet-3937050456?position=45&pageNum=0&refId=KkefcMB%2BCKUz4vjyDz3uMQ%3D%3D&trackingId=gcp6V0bq2dHfE35WIv17aA%3D%3D&trk=public_jobs_jserp-result_search-card,SPERTON - Where Great People Meet
React JS Developer,"Pune, Maharashtra, India",https://in.linkedin.com/jobs/view/react-js-developer-at-synergytop-inc-3917304201?position=46&pageNum=0&refId=KkefcMB%2BCKUz4vjyDz3uMQ%3D%3D&trackingId=BHtKVOLmhwvEW8tIOEaVeQ%3D%3D&trk=public_jobs_jserp-result_search-card,"SynergyTop, Inc"
React Developer,"Pune, Maharashtra, India",https://in.linkedin.com/jobs/view/react-developer-at-citi-3980054790?position=47&pageNum=0&refId=KkefcMB%2BCKUz4vjyDz3uMQ%3D%3D&trackingId=7mN2vFxVtqUTNuDUYgnqcw%3D%3D&trk=public_jobs_jserp-result_search-card,Citi
Web Developer,"Pune, Maharashtra, India",https://in.linkedin.com/jobs/view/web-developer-at-fox-aircomm-private-limited-3968054973?position=48&pageNum=0&refId=KkefcMB%2BCKUz4vjyDz3uMQ%3D%3D&trackingId=LlpEom1QGulvKeswgNl34w%3D%3D&trk=public_jobs_jserp-result_search-card,Fox Aircomm Private Limited
Frontend Developer,"Pune, Maharashtra, India",https://in.linkedin.com/jobs/view/frontend-developer-at-humancloud-3656590990?position=49&pageNum=0&refId=KkefcMB%2BCKUz4vjyDz3uMQ%3D%3D&trackingId=fJqIW7gY0GyeDaFC%2Bb3bAg%3D%3D&trk=public_jobs_jserp-result_search-card,humancloud
ReactJS Developer,"Pune, Maharashtra, India",https://in.linkedin.com/jobs/view/reactjs-developer-at-prosols-technology-3955241541?position=50&pageNum=0&refId=KkefcMB%2BCKUz4vjyDz3uMQ%3D%3D&trackingId=MN3DWdvTWRmIjPBiWi2SZA%3D%3D&trk=public_jobs_jserp-result_search-card,Prosols Technology
React Developer,"Pune, Maharashtra, India",https://in.linkedin.com/jobs/view/react-developer-at-codebuddy-pvt-ltd-3845689327?position=51&pageNum=0&refId=KkefcMB%2BCKUz4vjyDz3uMQ%3D%3D&trackingId=Gd6feSN2Nz28xIAeURKplg%3D%3D&trk=public_jobs_jserp-result_search-card,Codebuddy Pvt. Ltd.
Frontend Developer,"Pune, Maharashtra, India",https://in.linkedin.com/jobs/view/frontend-developer-at-biddano-3627624324?position=52&pageNum=0&refId=KkefcMB%2BCKUz4vjyDz3uMQ%3D%3D&trackingId=cXbxnXYTtEGoF9HFNULzNg%3D%3D&trk=public_jobs_jserp-result_search-card,Biddano
Front End Web Developer,"Pune, Maharashtra, India",https://in.linkedin.com/jobs/view/front-end-web-developer-at-supergaming-3961547412?position=53&pageNum=0&refId=KkefcMB%2BCKUz4vjyDz3uMQ%3D%3D&trackingId=vpXv3fxqHGTabFT0XLv17Q%3D%3D&trk=public_jobs_jserp-result_search-card,SuperGaming
Frontend Developer,"Pune, Maharashtra, India",https://in.linkedin.com/jobs/view/frontend-developer-at-dynpro-india-pvt-ltd-3959654226?position=54&pageNum=0&refId=KkefcMB%2BCKUz4vjyDz3uMQ%3D%3D&trackingId=oE3EfBiLgFQYSxcwHpTPug%3D%3D&trk=public_jobs_jserp-result_search-card,Dynpro India Pvt. ltd
Front-end Engineer,"Pune, Maharashtra, India",https://in.linkedin.com/jobs/view/front-end-engineer-at-eloquent-studio-private-limited-3627625034?position=55&pageNum=0&refId=KkefcMB%2BCKUz4vjyDz3uMQ%3D%3D&trackingId=h3c1FoW47joD8pU8SxI7lg%3D%3D&trk=public_jobs_jserp-result_search-card,Eloquent Studio Private Limited
React JS Developer,"Pune, Maharashtra, India",https://in.linkedin.com/jobs/view/react-js-developer-at-codebuddy-pvt-ltd-3973478949?position=56&pageNum=0&refId=KkefcMB%2BCKUz4vjyDz3uMQ%3D%3D&trackingId=05OGjkKCxkKrqA2%2Fi9OR%2Fw%3D%3D&trk=public_jobs_jserp-result_search-card,Codebuddy Pvt. Ltd.
Frontend Developer,"Pune, Maharashtra, India",https://in.linkedin.com/jobs/view/frontend-developer-at-centre-for-computational-technologies-cctech-3979448742?position=57&pageNum=0&refId=KkefcMB%2BCKUz4vjyDz3uMQ%3D%3D&trackingId=VLdWVrtgg145sox%2BRYtHAA%3D%3D&trk=public_jobs_jserp-result_search-card,Centre for Computational Technologies (CCTech)
Front End Developer,"Pune, Maharashtra, India",https://in.linkedin.com/jobs/view/front-end-developer-at-cognologix-technologies-3976031674?position=58&pageNum=0&refId=KkefcMB%2BCKUz4vjyDz3uMQ%3D%3D&trackingId=dijxeKO%2Fwk%2FD66EkbxAHsg%3D%3D&trk=public_jobs_jserp-result_search-card,Cognologix Technologies
GGL - FRONT END DEVELOPER,"Pune, Maharashtra, India",https://in.linkedin.com/jobs/view/ggl-front-end-developer-at-zensar-technologies-3967463179?position=59&pageNum=0&refId=KkefcMB%2BCKUz4vjyDz3uMQ%3D%3D&trackingId=2Ndzv3MnYi9T0fljoP6bnw%3D%3D&trk=public_jobs_jserp-result_search-card,Zensar Technologies
Frontend Developer,"Pune, Maharashtra, India",https://in.linkedin.com/jobs/view/frontend-developer-at-ventture-3961147412?position=60&pageNum=0&refId=KkefcMB%2BCKUz4vjyDz3uMQ%3D%3D&trackingId=f4W1xnGESfCQVRtitx8E1A%3D%3D&trk=public_jobs_jserp-result_search-card,Ventture
Jr_JD_049_ Junior UI Developer,"Pune, Maharashtra, India",https://in.linkedin.com/jobs/view/jr-jd-049-junior-ui-developer-at-parallel-minds-3980187026?position=1&pageNum=0&refId=Cvfz34thGXVPjHSDXlN5Dg%3D%3D&trackingId=2f3zILsJroTx%2BlpvU%2F9yXA%3D%3D&trk=public_jobs_jserp-result_search-card,Parallel Minds
Frontend Developer,"Pune, Maharashtra, India",https://in.linkedin.com/jobs/view/frontend-developer-at-debtors-watch-llp-3968025512?position=2&pageNum=0&refId=Cvfz34thGXVPjHSDXlN5Dg%3D%3D&trackingId=xSLroaUHY9QLQR4bU8SqSg%3D%3D&trk=public_jobs_jserp-result_search-card,Debtors Watch LLP
"Software Engineer, University Graduate, 2025","Pune, Maharashtra, India",https://in.linkedin.com/jobs/view/software-engineer-university-graduate-2025-at-google-3967734045?position=3&pageNum=0&refId=Cvfz34thGXVPjHSDXlN5Dg%3D%3D&trackingId=rgWBT8bpCkBPaEOqlH9lBg%3D%3D&trk=public_jobs_jserp-result_search-card,Google
UI Frontend Developer,"Pune, Maharashtra, India",https://in.linkedin.com/jobs/view/ui-frontend-developer-at-deutsche-bank-3982335360?position=4&pageNum=0&refId=Cvfz34thGXVPjHSDXlN5Dg%3D%3D&trackingId=YuXDeZgxmvIvKWXcAYML1w%3D%3D&trk=public_jobs_jserp-result_search-card,Deutsche Bank
Frontend Developer,"Pune, Maharashtra, India",https://in.linkedin.com/jobs/view/frontend-developer-at-1tap-3968061173?position=5&pageNum=0&refId=Cvfz34thGXVPjHSDXlN5Dg%3D%3D&trackingId=QDFrh%2BUBVGDis%2FJgbvZ%2FHw%3D%3D&trk=public_jobs_jserp-result_search-card,1Tap
Frontend Developer - Javascript,"Pune, Maharashtra, India",https://in.linkedin.com/jobs/view/frontend-developer-javascript-at-visionyle-solutions-3965448578?position=6&pageNum=0&refId=Cvfz34thGXVPjHSDXlN5Dg%3D%3D&trackingId=JgmCMhULIedopcCYwTM%2BRw%3D%3D&trk=public_jobs_jserp-result_search-card,Visionyle Solutions
Frontend Developer,"Pune, Maharashtra, India",https://in.linkedin.com/jobs/view/frontend-developer-at-brandzgarage-3627620781?position=7&pageNum=0&refId=Cvfz34thGXVPjHSDXlN5Dg%3D%3D&trackingId=ooItWOJ5bFAwlCeHtBQNwQ%3D%3D&trk=public_jobs_jserp-result_search-card,BrandzGarage
Frontend Engineer,"Pune, Maharashtra, India",https://in.linkedin.com/jobs/view/frontend-engineer-at-fusemachines-3903381394?position=8&pageNum=0&refId=Cvfz34thGXVPjHSDXlN5Dg%3D%3D&trackingId=kOeVzbPvKKDPCkwspQXraQ%3D%3D&trk=public_jobs_jserp-result_search-card,Fusemachines
Frontend Developer,"Pune, Maharashtra, India",https://in.linkedin.com/jobs/view/frontend-developer-at-startupwala-3656597318?position=9&pageNum=0&refId=Cvfz34thGXVPjHSDXlN5Dg%3D%3D&trackingId=Yu7B6D9A8vIVdgMdBMYi1A%3D%3D&trk=public_jobs_jserp-result_search-card,Startupwala
Software Development Engineer,"Pune, Maharashtra, India",https://in.linkedin.com/jobs/view/software-development-engineer-at-xpressbees-busybees-logistics-solutions-pvt-ltd-3627613617?position=10&pageNum=0&refId=Cvfz34thGXVPjHSDXlN5Dg%3D%3D&trackingId=u8%2BGwH5d2uCXEd5Y5PGw3Q%3D%3D&trk=public_jobs_jserp-result_search-card,Xpressbees (BusyBees Logistics Solutions Pvt. Ltd.)
"Web UI Developer at Hinjewadi, Pune","Pune, Maharashtra, India",https://in.linkedin.com/jobs/view/web-ui-developer-at-hinjewadi-pune-at-2soft-solutions-pvt-ltd-%23itrecruitment-3968049251?position=11&pageNum=0&refId=Cvfz34thGXVPjHSDXlN5Dg%3D%3D&trackingId=HEB7FCUvMzWG5vrIlbV28g%3D%3D&trk=public_jobs_jserp-result_search-card,2Soft Solutions Pvt Ltd #ITRecruitment
Front-End Developer,"Pune, Maharashtra, India",https://in.linkedin.com/jobs/view/front-end-developer-at-hiring-india-recruitment-3968037258?position=12&pageNum=0&refId=Cvfz34thGXVPjHSDXlN5Dg%3D%3D&trackingId=%2BOpzhBrW6Dk20WQVefRFlg%3D%3D&trk=public_jobs_jserp-result_search-card,Hiring India Recruitment
Front End Developer,"Pune, Maharashtra, India",https://in.linkedin.com/jobs/view/front-end-developer-at-edreamz-technologies-shopify-experts-partner-agency-and-web-solutions-provider-in-india-3917300732?position=13&pageNum=0&refId=Cvfz34thGXVPjHSDXlN5Dg%3D%3D&trackingId=a3ev%2Fk8Z5WggBlu%2Bk7CRcg%3D%3D&trk=public_jobs_jserp-result_search-card,Edreamz Technologies | Shopify Experts Partner Agency and Web Solutions Provider in India
Frontend Developer,"Pune, Maharashtra, India",https://in.linkedin.com/jobs/view/frontend-developer-at-connexdoor-3656594713?position=14&pageNum=0&refId=Cvfz34thGXVPjHSDXlN5Dg%3D%3D&trackingId=0ugSkINdX2zlv9o9veVO2w%3D%3D&trk=public_jobs_jserp-result_search-card,Connexdoor
UI Developer,"Pune, Maharashtra, India",https://in.linkedin.com/jobs/view/ui-developer-at-viralmint-3829315222?position=15&pageNum=0&refId=Cvfz34thGXVPjHSDXlN5Dg%3D%3D&trackingId=pi9HmPX7C3Kx%2Fnl0KqorBQ%3D%3D&trk=public_jobs_jserp-result_search-card,ViralMint
HTML Developer,"Pune, Maharashtra, India",https://in.linkedin.com/jobs/view/html-developer-at-cv-ease-online-resume-builder-3676402639?position=16&pageNum=0&refId=Cvfz34thGXVPjHSDXlN5Dg%3D%3D&trackingId=8Fr0CZulGYhYAieN1o0aDw%3D%3D&trk=public_jobs_jserp-result_search-card,CV Ease - Online Resume Builder
Frontend,"Pune, Maharashtra, India",https://in.linkedin.com/jobs/view/frontend-at-kodo-3756667070?position=17&pageNum=0&refId=Cvfz34thGXVPjHSDXlN5Dg%3D%3D&trackingId=KobumGmp%2BYh1bwzRzwmKjw%3D%3D&trk=public_jobs_jserp-result_search-card,Kodo
UI Developer,"Pune, Maharashtra, India",https://in.linkedin.com/jobs/view/ui-developer-at-vibeosys-software-pvt-ltd-3955330811?position=18&pageNum=0&refId=Cvfz34thGXVPjHSDXlN5Dg%3D%3D&trackingId=KZiCASTCS6qqGYFlqh5V2g%3D%3D&trk=public_jobs_jserp-result_search-card,Vibeosys Software Pvt Ltd
Frontend Developer,"Pune, Maharashtra, India",https://in.linkedin.com/jobs/view/frontend-developer-at-zensar-technologies-3958865330?position=19&pageNum=0&refId=Cvfz34thGXVPjHSDXlN5Dg%3D%3D&trackingId=drjAGDymfyzaltA1nT3P%2FQ%3D%3D&trk=public_jobs_jserp-result_search-card,Zensar Technologies
Frontend Developer,"Pune, Maharashtra, India",https://in.linkedin.com/jobs/view/frontend-developer-at-debtors-watch-llp-3969501573?position=20&pageNum=0&refId=Cvfz34thGXVPjHSDXlN5Dg%3D%3D&trackingId=z9kCIM5DYqdkJ%2FoX7rasWA%3D%3D&trk=public_jobs_jserp-result_search-card,Debtors Watch LLP
Frontend Developer,"Pune, Maharashtra, India",https://in.linkedin.com/jobs/view/frontend-developer-at-debtors-watch-llp-3969505360?position=21&pageNum=0&refId=Cvfz34thGXVPjHSDXlN5Dg%3D%3D&trackingId=2CVa0H7rci4KYCoqvPiwpA%3D%3D&trk=public_jobs_jserp-result_search-card,Debtors Watch LLP
Front End Developer,"Pune, Maharashtra, India",https://in.linkedin.com/jobs/view/front-end-developer-at-victrix-inc-3974749553?position=22&pageNum=0&refId=Cvfz34thGXVPjHSDXlN5Dg%3D%3D&trackingId=2IDv21mEdzgpcIczvGQUXg%3D%3D&trk=public_jobs_jserp-result_search-card,Victrix Inc.
UI Developer,"Pune, Maharashtra, India",https://in.linkedin.com/jobs/view/ui-developer-at-anchanto-3962779856?position=23&pageNum=0&refId=Cvfz34thGXVPjHSDXlN5Dg%3D%3D&trackingId=NwhV6m1AVpYnatC%2BF0nLmQ%3D%3D&trk=public_jobs_jserp-result_search-card,Anchanto
UI Developer,"Pune, Maharashtra, India",https://in.linkedin.com/jobs/view/ui-developer-at-yuktamedia-3829309927?position=24&pageNum=0&refId=Cvfz34thGXVPjHSDXlN5Dg%3D%3D&trackingId=IvMyYEqLKCJGICpeU8SE%2FA%3D%3D&trk=public_jobs_jserp-result_search-card,YuktaMedia
UI Developer,"Pune, Maharashtra, India",https://in.linkedin.com/jobs/view/ui-developer-at-atheer-3959756708?position=25&pageNum=0&refId=Cvfz34thGXVPjHSDXlN5Dg%3D%3D&trackingId=52mRABosOjx2wTLyWnfS3A%3D%3D&trk=public_jobs_jserp-result_search-card,Atheer
Front end developer,"Pune, Maharashtra, India",https://in.linkedin.com/jobs/view/front-end-developer-at-sperton-where-great-people-meet-3937050456?position=26&pageNum=0&refId=Cvfz34thGXVPjHSDXlN5Dg%3D%3D&trackingId=MgF%2FMxo6u%2Fk3gWxdqs70LA%3D%3D&trk=public_jobs_jserp-result_search-card,SPERTON - Where Great People Meet
Frontend Engineer,"Pune, Maharashtra, India",https://in.linkedin.com/jobs/view/frontend-engineer-at-intouchapp-3627623420?position=27&pageNum=0&refId=Cvfz34thGXVPjHSDXlN5Dg%3D%3D&trackingId=441XG6K7ye8GizG3fGMV1g%3D%3D&trk=public_jobs_jserp-result_search-card,InTouchApp
Software Developer(Fresher),"Pune, Maharashtra, India",https://in.linkedin.com/jobs/view/software-developer-fresher-at-telamon-hr-solutions-3965108007?position=28&pageNum=0&refId=Cvfz34thGXVPjHSDXlN5Dg%3D%3D&trackingId=HTAGfSmoXpjich%2B5GJfGzw%3D%3D&trk=public_jobs_jserp-result_search-card,Telamon HR Solutions
Ui Developer,"Pune, Maharashtra, India",https://in.linkedin.com/jobs/view/ui-developer-at-spheregen-3627626288?position=29&pageNum=0&refId=Cvfz34thGXVPjHSDXlN5Dg%3D%3D&trackingId=HeXyjg7OGHEcC6KiyT043w%3D%3D&trk=public_jobs_jserp-result_search-card,SphereGen
UI Developer,"Pune, Maharashtra, India",https://in.linkedin.com/jobs/view/ui-developer-at-sas-3978495568?position=30&pageNum=0&refId=Cvfz34thGXVPjHSDXlN5Dg%3D%3D&trackingId=gWTO%2FarSpBTCH2gEjaRg6w%3D%3D&trk=public_jobs_jserp-result_search-card,SAS
Front End Developer,"Pune, Maharashtra, India",https://in.linkedin.com/jobs/view/front-end-developer-at-cognologix-technologies-3976031674?position=31&pageNum=0&refId=Cvfz34thGXVPjHSDXlN5Dg%3D%3D&trackingId=TxStrKV59VaJAK8P3T16Dg%3D%3D&trk=public_jobs_jserp-result_search-card,Cognologix Technologies
Frontend Developer,"Pune, Maharashtra, India",https://in.linkedin.com/jobs/view/frontend-developer-at-maynor-consulting-pvt-ltd-3886421670?position=32&pageNum=0&refId=Cvfz34thGXVPjHSDXlN5Dg%3D%3D&trackingId=2w%2FV7GRfOL4M%2BR%2BjzCKbqA%3D%3D&trk=public_jobs_jserp-result_search-card,Maynor Consulting Pvt Ltd
Front End Engineer,"Pune, Maharashtra, India",https://in.linkedin.com/jobs/view/front-end-engineer-at-deutsche-bank-3896610733?position=33&pageNum=0&refId=Cvfz34thGXVPjHSDXlN5Dg%3D%3D&trackingId=iJ%2BSHpbfcTfhej0hfge9pQ%3D%3D&trk=public_jobs_jserp-result_search-card,Deutsche Bank
UI Developer,"Pune, Maharashtra, India",https://in.linkedin.com/jobs/view/ui-developer-at-magicflare-software-services-llp-3739041962?position=34&pageNum=0&refId=Cvfz34thGXVPjHSDXlN5Dg%3D%3D&trackingId=MsN2FCS%2FO%2FrrIfdZXDirXw%3D%3D&trk=public_jobs_jserp-result_search-card,Magicflare Software Services LLP
UI Developer,"Pune, Maharashtra, India",https://in.linkedin.com/jobs/view/ui-developer-at-prcv-soft-llp-3627627221?position=35&pageNum=0&refId=Cvfz34thGXVPjHSDXlN5Dg%3D%3D&trackingId=Hze%2FRq2gJRbbqb69vn1%2F7w%3D%3D&trk=public_jobs_jserp-result_search-card,PRCV SOFT LLP
Software Developer,"Pune, Maharashtra, India",https://in.linkedin.com/jobs/view/software-developer-at-upstack-solutions-pvt-ltd-3656598136?position=36&pageNum=0&refId=Cvfz34thGXVPjHSDXlN5Dg%3D%3D&trackingId=7aVPy3axfdPUkEK3kN%2FnOA%3D%3D&trk=public_jobs_jserp-result_search-card,UPstack Solutions Pvt Ltd
Full Stack - Fresher Training and Placements,"Pune, Maharashtra, India",https://in.linkedin.com/jobs/view/full-stack-fresher-training-and-placements-at-optical-arc-pvt-ltd-3968064404?position=37&pageNum=0&refId=Cvfz34thGXVPjHSDXlN5Dg%3D%3D&trackingId=MIGrjo1gPAxeVISMLxembg%3D%3D&trk=public_jobs_jserp-result_search-card,Optical Arc Pvt. Ltd.
Software Engr I,"Pune, Maharashtra, India",https://in.linkedin.com/jobs/view/software-engr-i-at-honeywell-3981509672?position=38&pageNum=0&refId=Cvfz34thGXVPjHSDXlN5Dg%3D%3D&trackingId=eQYBU6%2FTDPXzn8n01mpbiQ%3D%3D&trk=public_jobs_jserp-result_search-card,Honeywell
Frontend Developer,"Pune, Maharashtra, India",https://in.linkedin.com/jobs/view/frontend-developer-at-provakil-3627610564?position=39&pageNum=0&refId=Cvfz34thGXVPjHSDXlN5Dg%3D%3D&trackingId=9mJNTxY0lFLEUfz4TNZefA%3D%3D&trk=public_jobs_jserp-result_search-card,Provakil
UI Developer,"Pune, Maharashtra, India",https://in.linkedin.com/jobs/view/ui-developer-at-magicflare-software-services-llp-3674640514?position=40&pageNum=0&refId=Cvfz34thGXVPjHSDXlN5Dg%3D%3D&trackingId=mqwzOp5pC8KqYyXy1B2RlQ%3D%3D&trk=public_jobs_jserp-result_search-card,Magicflare Software Services LLP
Frontend Developer,"Pune, Maharashtra, India",https://in.linkedin.com/jobs/view/frontend-developer-at-zoop-one-3656599257?position=41&pageNum=0&refId=Cvfz34thGXVPjHSDXlN5Dg%3D%3D&trackingId=xadzHTpEJnh6JKOSiPGpYQ%3D%3D&trk=public_jobs_jserp-result_search-card,ZOOP.ONE
Software Engineer - Frontend,"Pune, Maharashtra, India",https://in.linkedin.com/jobs/view/software-engineer-frontend-at-arrowpe-3731586512?position=42&pageNum=0&refId=Cvfz34thGXVPjHSDXlN5Dg%3D%3D&trackingId=BoO74Dcp3ZVxi%2B0eQ2hS%2Fg%3D%3D&trk=public_jobs_jserp-result_search-card,ArrowPe
Full Stack - Fresher Training and Placements,"Pune, Maharashtra, India",https://in.linkedin.com/jobs/view/full-stack-fresher-training-and-placements-at-optical-arc-pvt-ltd-3968064410?position=43&pageNum=0&refId=Cvfz34thGXVPjHSDXlN5Dg%3D%3D&trackingId=j52TwEniIFoxgPaN7gisaw%3D%3D&trk=public_jobs_jserp-result_search-card,Optical Arc Pvt. Ltd.
Front End Developer,"Pune, Maharashtra, India",https://in.linkedin.com/jobs/view/front-end-developer-at-ciel-hr-3663768847?position=44&pageNum=0&refId=Cvfz34thGXVPjHSDXlN5Dg%3D%3D&trackingId=W%2BqrtF%2B8aRqjz3n6G%2BYA6g%3D%3D&trk=public_jobs_jserp-result_search-card,CIEL HR
Junior Software Developer,"Pune, Maharashtra, India",https://in.linkedin.com/jobs/view/junior-software-developer-at-renee-technologies-3761409801?position=45&pageNum=0&refId=Cvfz34thGXVPjHSDXlN5Dg%3D%3D&trackingId=dNHn2mvtE9JKcuPjd6oteA%3D%3D&trk=public_jobs_jserp-result_search-card,Renee Technologies
Frontend Developer,"Pune, Maharashtra, India",https://in.linkedin.com/jobs/view/frontend-developer-at-humancloud-3656590990?position=46&pageNum=0&refId=Cvfz34thGXVPjHSDXlN5Dg%3D%3D&trackingId=alNhsOm2BudHAA%2F5UmW8KQ%3D%3D&trk=public_jobs_jserp-result_search-card,humancloud
"Software Engineer, Frontend/Full-stack","Pune, Maharashtra, India",https://in.linkedin.com/jobs/view/software-engineer-frontend-full-stack-at-kodo-3837054435?position=47&pageNum=0&refId=Cvfz34thGXVPjHSDXlN5Dg%3D%3D&trackingId=ZFzfVpjXv6PxAGhkWnF6dA%3D%3D&trk=public_jobs_jserp-result_search-card,Kodo
UI Developer - AngularJS/React.js,"Pune, Maharashtra, India",https://in.linkedin.com/jobs/view/ui-developer-angularjs-react-js-at-taliun-3627622569?position=48&pageNum=0&refId=Cvfz34thGXVPjHSDXlN5Dg%3D%3D&trackingId=vP4prpAjzUt5u4OPNlDGRw%3D%3D&trk=public_jobs_jserp-result_search-card,Taliun
Interesting Job Opportunity: Deqode - React.js Developer - AngularJS/Javascript,"Pune, Maharashtra, India",https://in.linkedin.com/jobs/view/interesting-job-opportunity-deqode-react-js-developer-angularjs-javascript-at-deqode-3928008200?position=49&pageNum=0&refId=Cvfz34thGXVPjHSDXlN5Dg%3D%3D&trackingId=AVRivggEFMHMTM0TQyEWag%3D%3D&trk=public_jobs_jserp-result_search-card,Deqode
Developer,"Pune, Maharashtra, India",https://in.linkedin.com/jobs/view/developer-at-wipro-3927397237?position=50&pageNum=0&refId=Cvfz34thGXVPjHSDXlN5Dg%3D%3D&trackingId=1aaoRcUxWl2Fp89gyDlK6Q%3D%3D&trk=public_jobs_jserp-result_search-card,Wipro
Frontend Developer,"Pune, Maharashtra, India",https://in.linkedin.com/jobs/view/frontend-developer-at-r3-consultant-3968024633?position=51&pageNum=0&refId=Cvfz34thGXVPjHSDXlN5Dg%3D%3D&trackingId=eHog3MpDb9Qt%2F8GIiIyS7w%3D%3D&trk=public_jobs_jserp-result_search-card,r3 Consultant
Recro - UI Developer,"Pune, Maharashtra, India",https://in.linkedin.com/jobs/view/recro-ui-developer-at-nexthire-3962589862?position=52&pageNum=0&refId=Cvfz34thGXVPjHSDXlN5Dg%3D%3D&trackingId=ydkkMFAmaRWM8Ppf3wz6uQ%3D%3D&trk=public_jobs_jserp-result_search-card,NextHire
UI Developer,"Pune, Maharashtra, India",https://in.linkedin.com/jobs/view/ui-developer-at-virtusa-3977695553?position=53&pageNum=0&refId=Cvfz34thGXVPjHSDXlN5Dg%3D%3D&trackingId=SjD95CZUL8zWlXqUBOFIbA%3D%3D&trk=public_jobs_jserp-result_search-card,Virtusa
UI Developer,"Pune, Maharashtra, India",https://in.linkedin.com/jobs/view/ui-developer-at-virtusa-3977697211?position=54&pageNum=0&refId=Cvfz34thGXVPjHSDXlN5Dg%3D%3D&trackingId=JGRLJuk2cpWP9KRAY3v7Aw%3D%3D&trk=public_jobs_jserp-result_search-card,Virtusa
UI Developer,"Pune, Maharashtra, India",https://in.linkedin.com/jobs/view/ui-developer-at-virtusa-3977694945?position=55&pageNum=0&refId=Cvfz34thGXVPjHSDXlN5Dg%3D%3D&trackingId=ayr36H87soGxuBEgyKvK3A%3D%3D&trk=public_jobs_jserp-result_search-card,Virtusa
Front End Developer,"Pune, Maharashtra, India",https://in.linkedin.com/jobs/view/front-end-developer-at-jobdost-3656593756?position=56&pageNum=0&refId=Cvfz34thGXVPjHSDXlN5Dg%3D%3D&trackingId=IAw3nhNQvPOvxVMEzYtX8w%3D%3D&trk=public_jobs_jserp-result_search-card,JobDost
Frontend Developer,"Pune, Maharashtra, India",https://in.linkedin.com/jobs/view/frontend-developer-at-pivotchain-solutions-3656595898?position=57&pageNum=0&refId=Cvfz34thGXVPjHSDXlN5Dg%3D%3D&trackingId=ex4RXD5hr5YlIE%2FQyWVDKw%3D%3D&trk=public_jobs_jserp-result_search-card,Pivotchain Solutions
UI Developer,"Pune, Maharashtra, India",https://in.linkedin.com/jobs/view/ui-developer-at-kalzoom-advisors-3627623065?position=58&pageNum=0&refId=Cvfz34thGXVPjHSDXlN5Dg%3D%3D&trackingId=NnjM9jtsMrjhILdykVSpPQ%3D%3D&trk=public_jobs_jserp-result_search-card,Kalzoom Advisors
Frontend Developer Intern,"Pune, Maharashtra, India",https://in.linkedin.com/jobs/view/frontend-developer-intern-at-centre-for-computational-technologies-cctech-3979450484?position=59&pageNum=0&refId=Cvfz34thGXVPjHSDXlN5Dg%3D%3D&trackingId=spAZYCl3ukRQoBp1Ccmgsw%3D%3D&trk=public_jobs_jserp-result_search-card,Centre for Computational Technologies (CCTech)
UI Developer,"Pune, Maharashtra, India",https://in.linkedin.com/jobs/view/ui-developer-at-virtusa-3977698165?position=60&pageNum=0&refId=Cvfz34thGXVPjHSDXlN5Dg%3D%3D&trackingId=qAxDDqQ0X1bd0ezizv6saw%3D%3D&trk=public_jobs_jserp-result_search-card,Virtusa
"Software Engineer, University Graduate, 2025","Pune, Maharashtra, India",https://in.linkedin.com/jobs/view/software-engineer-university-graduate-2025-at-google-3967734045?position=1&pageNum=0&refId=gOg7OO2M1AGUZ93A1sf2vg%3D%3D&trackingId=y%2F0obWR0ZupDAk57LwMtLg%3D%3D&trk=public_jobs_jserp-result_search-card,Google
Full Stack Developer,"Pune, Maharashtra, India",https://in.linkedin.com/jobs/view/full-stack-developer-at-easebuzz-3627615485?position=2&pageNum=0&refId=gOg7OO2M1AGUZ93A1sf2vg%3D%3D&trackingId=NDZizNWDOfvtTiJayum3vg%3D%3D&trk=public_jobs_jserp-result_search-card,Easebuzz
Full Stack Engineer,"Pune, Maharashtra, India",https://in.linkedin.com/jobs/view/full-stack-engineer-at-easebuzz-3625371911?position=3&pageNum=0&refId=gOg7OO2M1AGUZ93A1sf2vg%3D%3D&trackingId=Lt60LA6oxz5cInsUme2Rrw%3D%3D&trk=public_jobs_jserp-result_search-card,Easebuzz
Full Stack - Fresher Training and Placements,"Pune, Maharashtra, India",https://in.linkedin.com/jobs/view/full-stack-fresher-training-and-placements-at-optical-arc-pvt-ltd-3968064410?position=4&pageNum=0&refId=gOg7OO2M1AGUZ93A1sf2vg%3D%3D&trackingId=QOEGJRJeALDkYs9JpA103w%3D%3D&trk=public_jobs_jserp-result_search-card,Optical Arc Pvt. Ltd.
Software Developer(Fresher),"Pune, Maharashtra, India",https://in.linkedin.com/jobs/view/software-developer-fresher-at-telamon-hr-solutions-3965108007?position=5&pageNum=0&refId=gOg7OO2M1AGUZ93A1sf2vg%3D%3D&trackingId=PkuuF0JoLtH66GUeaqCaaA%3D%3D&trk=public_jobs_jserp-result_search-card,Telamon HR Solutions
Full Stack - Fresher Training and Placements,"Pune, Maharashtra, India",https://in.linkedin.com/jobs/view/full-stack-fresher-training-and-placements-at-optical-arc-pvt-ltd-3968064404?position=6&pageNum=0&refId=gOg7OO2M1AGUZ93A1sf2vg%3D%3D&trackingId=CPbT2p%2FWbf6jktZbWbKlew%3D%3D&trk=public_jobs_jserp-result_search-card,Optical Arc Pvt. Ltd.
Java Developer,"Pune, Maharashtra, India",https://in.linkedin.com/jobs/view/java-developer-at-entytle-3627625141?position=7&pageNum=0&refId=gOg7OO2M1AGUZ93A1sf2vg%3D%3D&trackingId=eqi2Y1LsWdpsSc8Ye6zFTQ%3D%3D&trk=public_jobs_jserp-result_search-card,Entytle
Full Stack Developer,"Pune, Maharashtra, India",https://in.linkedin.com/jobs/view/full-stack-developer-at-catalyst-it-3760311389?position=8&pageNum=0&refId=gOg7OO2M1AGUZ93A1sf2vg%3D%3D&trackingId=Ae4LBuv74iGxMY8qza5sdQ%3D%3D&trk=public_jobs_jserp-result_search-card,Catalyst IT
Frontend (React),"Pune, Maharashtra, India",https://in.linkedin.com/jobs/view/frontend-react-at-kodo-3953957878?position=9&pageNum=0&refId=gOg7OO2M1AGUZ93A1sf2vg%3D%3D&trackingId=vPMhunmZdz8CjcvlIeYy7w%3D%3D&trk=public_jobs_jserp-result_search-card,Kodo
Software Engineer-Backend/Full Stack,"Pune, Maharashtra, India",https://in.linkedin.com/jobs/view/software-engineer-backend-full-stack-at-kodo-3724369387?position=10&pageNum=0&refId=gOg7OO2M1AGUZ93A1sf2vg%3D%3D&trackingId=Cx4TQiqbsrtR3rAJeAO%2B7A%3D%3D&trk=public_jobs_jserp-result_search-card,Kodo
"Software Engineer, Frontend/Full-stack","Pune, Maharashtra, India",https://in.linkedin.com/jobs/view/software-engineer-frontend-full-stack-at-kodo-3837054435?position=11&pageNum=0&refId=gOg7OO2M1AGUZ93A1sf2vg%3D%3D&trackingId=%2FQMaoqlgkalMemHu5yxa7g%3D%3D&trk=public_jobs_jserp-result_search-card,Kodo
Full Stack Developer,"Pune, Maharashtra, India",https://in.linkedin.com/jobs/view/full-stack-developer-at-avaloq-3962732389?position=12&pageNum=0&refId=gOg7OO2M1AGUZ93A1sf2vg%3D%3D&trackingId=p%2BjeaUXlr0mNX%2FRR%2BCcZAA%3D%3D&trk=public_jobs_jserp-result_search-card,Avaloq
"Software Engineer III, Full Stack, Google Cloud","Pune, Maharashtra, India",https://in.linkedin.com/jobs/view/software-engineer-iii-full-stack-google-cloud-at-google-3969279976?position=13&pageNum=0&refId=gOg7OO2M1AGUZ93A1sf2vg%3D%3D&trackingId=m5x2ZoRNQqPvPeHBBsiYOg%3D%3D&trk=public_jobs_jserp-result_search-card,Google
Full Stack Developer,"Pune, Maharashtra, India",https://in.linkedin.com/jobs/view/full-stack-developer-at-kesari-tours-pvt-ltd-3944732472?position=14&pageNum=0&refId=gOg7OO2M1AGUZ93A1sf2vg%3D%3D&trackingId=73zQ8U%2BESDGLezpW7zkTUQ%3D%3D&trk=public_jobs_jserp-result_search-card,Kesari Tours Pvt Ltd
java full stack developer/ pune /hyderabad /chennai/hybrid,"Pune, Maharashtra, India",https://in.linkedin.com/jobs/view/java-full-stack-developer-pune-hyderabad-chennai-hybrid-at-codersbrain-3666997322?position=15&pageNum=0&refId=gOg7OO2M1AGUZ93A1sf2vg%3D%3D&trackingId=tI0a8m7%2BbOyET4fGAH7Rfg%3D%3D&trk=public_jobs_jserp-result_search-card,CodersBrain
"Full Stack developer with JAVA, SQL, ReAct, Python","Pune, Maharashtra, India",https://in.linkedin.com/jobs/view/full-stack-developer-with-java-sql-react-python-at-deutsche-bank-3913346151?position=16&pageNum=0&refId=gOg7OO2M1AGUZ93A1sf2vg%3D%3D&trackingId=TRyUN1oM20KFWVNuoy1UYA%3D%3D&trk=public_jobs_jserp-result_search-card,Deutsche Bank
Full Stack Developer - ReactJS & NodeJS,"Pune, Maharashtra, India",https://in.linkedin.com/jobs/view/full-stack-developer-reactjs-nodejs-at-2soft-solutions-pvt-ltd-%23itrecruitment-3968050537?position=17&pageNum=0&refId=gOg7OO2M1AGUZ93A1sf2vg%3D%3D&trackingId=JTTkUbvCmAIdSN9kp7dg0g%3D%3D&trk=public_jobs_jserp-result_search-card,2Soft Solutions Pvt Ltd #ITRecruitment
"Full Stack developer with JAVA, SQL, ReAct, Python","Pune, Maharashtra, India",https://in.linkedin.com/jobs/view/full-stack-developer-with-java-sql-react-python-at-deutsche-bank-3914601419?position=18&pageNum=0&refId=gOg7OO2M1AGUZ93A1sf2vg%3D%3D&trackingId=a4qQQLCBZ3peIT4Fa41XLg%3D%3D&trk=public_jobs_jserp-result_search-card,Deutsche Bank
"Full Stack Developer with Java, SQL, React, Python","Pune, Maharashtra, India",https://in.linkedin.com/jobs/view/full-stack-developer-with-java-sql-react-python-at-deutsche-bank-3918793706?position=19&pageNum=0&refId=gOg7OO2M1AGUZ93A1sf2vg%3D%3D&trackingId=EqIOeQZMsUkob%2BXTETftmQ%3D%3D&trk=public_jobs_jserp-result_search-card,Deutsche Bank
"Full Stack developer with JAVA, SQL, ReAct, Python","Pune, Maharashtra, India",https://in.linkedin.com/jobs/view/full-stack-developer-with-java-sql-react-python-at-deutsche-bank-3913345177?position=20&pageNum=0&refId=gOg7OO2M1AGUZ93A1sf2vg%3D%3D&trackingId=eWoHlURLlARyvQiA6zBXwg%3D%3D&trk=public_jobs_jserp-result_search-card,Deutsche Bank
"Full Stack Developer with JAVA, SQL, ReAct, Python","Pune, Maharashtra, India",https://in.linkedin.com/jobs/view/full-stack-developer-with-java-sql-react-python-at-deutsche-bank-3913343524?position=21&pageNum=0&refId=gOg7OO2M1AGUZ93A1sf2vg%3D%3D&trackingId=5kvSmetubyrqBxrSqDtmVg%3D%3D&trk=public_jobs_jserp-result_search-card,Deutsche Bank
Full Stack Developer,Pune/Pimpri-Chinchwad Area,https://in.linkedin.com/jobs/view/full-stack-developer-at-dubai-jobs-gulf-jobs-jobs-in-dubai-qatar-kuwait-boyen-haddin-the-giant-hr-consultant-3917733986?position=22&pageNum=0&refId=gOg7OO2M1AGUZ93A1sf2vg%3D%3D&trackingId=L%2FGVhOb01s4UZvJVuHs7EA%3D%3D&trk=public_jobs_jserp-result_search-card,"Dubai Jobs, Gulf Jobs, Jobs in Dubai, Qatar, Kuwait - Boyen Haddin & The Giant HR Consultant"
Full-Stack Developer,"Pune, Maharashtra, India",https://in.linkedin.com/jobs/view/full-stack-developer-at-keywords-studios-3904049966?position=23&pageNum=0&refId=gOg7OO2M1AGUZ93A1sf2vg%3D%3D&trackingId=yV1xtF%2ByCRQr0eNiF%2FfkFA%3D%3D&trk=public_jobs_jserp-result_search-card,Keywords Studios
Full Stack Developer,"Pune, Maharashtra, India",https://in.linkedin.com/jobs/view/full-stack-developer-at-zigsaw-3679098232?position=24&pageNum=0&refId=gOg7OO2M1AGUZ93A1sf2vg%3D%3D&trackingId=IfTT%2BcS7PicH%2Fitrqd1S1g%3D%3D&trk=public_jobs_jserp-result_search-card,Zigsaw
"Software Engineer III, Google Cloud","Pune, Maharashtra, India",https://in.linkedin.com/jobs/view/software-engineer-iii-google-cloud-at-google-3793872133?position=25&pageNum=0&refId=gOg7OO2M1AGUZ93A1sf2vg%3D%3D&trackingId=4Gx4Vw6rSfanJZhkGrFI4Q%3D%3D&trk=public_jobs_jserp-result_search-card,Google
full stack developer,"Pune, Maharashtra, India",https://in.linkedin.com/jobs/view/full-stack-developer-at-flairminds-software-3627616398?position=26&pageNum=0&refId=gOg7OO2M1AGUZ93A1sf2vg%3D%3D&trackingId=%2FDJoeaG%2F5%2Bq2oejEwM6zDg%3D%3D&trk=public_jobs_jserp-result_search-card,FlairMinds Software
Full Stack Developer,"Pune, Maharashtra, India",https://in.linkedin.com/jobs/view/full-stack-developer-at-prompt-personnel-3802755929?position=27&pageNum=0&refId=gOg7OO2M1AGUZ93A1sf2vg%3D%3D&trackingId=UeHc2QNncNZfocRP8%2FHZfQ%3D%3D&trk=public_jobs_jserp-result_search-card,Prompt Personnel
FULL STACK DEVELOPER,"Pune, Maharashtra, India",https://in.linkedin.com/jobs/view/full-stack-developer-at-zigsaw-3679090755?position=28&pageNum=0&refId=gOg7OO2M1AGUZ93A1sf2vg%3D%3D&trackingId=VwFe4icjzh%2F32jV4yPDrpg%3D%3D&trk=public_jobs_jserp-result_search-card,Zigsaw
Full Stack Developer,"Pune, Maharashtra, India",https://in.linkedin.com/jobs/view/full-stack-developer-at-1tap-3968060678?position=29&pageNum=0&refId=gOg7OO2M1AGUZ93A1sf2vg%3D%3D&trackingId=NBAeJuA2EKvjgLTgbG2mGg%3D%3D&trk=public_jobs_jserp-result_search-card,1Tap
"Full Stack developer with JAVA, SQL, ReAct, Python","Pune, Maharashtra, India",https://in.linkedin.com/jobs/view/full-stack-developer-with-java-sql-react-python-at-deutsche-bank-3914497964?position=30&pageNum=0&refId=gOg7OO2M1AGUZ93A1sf2vg%3D%3D&trackingId=WjHqkk4ohnfUNgAhGlEaBg%3D%3D&trk=public_jobs_jserp-result_search-card,Deutsche Bank
Fullstack Developer,"Pune, Maharashtra, India",https://in.linkedin.com/jobs/view/fullstack-developer-at-metalbrain-technologies-pvt-ltd-3627626109?position=31&pageNum=0&refId=gOg7OO2M1AGUZ93A1sf2vg%3D%3D&trackingId=mqzLIeki%2Bko6ac8vCxGDPQ%3D%3D&trk=public_jobs_jserp-result_search-card,Metalbrain Technologies Pvt. Ltd.
Full Stack Developer,"Pune, Maharashtra, India",https://in.linkedin.com/jobs/view/full-stack-developer-at-mobicloud-technologies-private-limited-3678080409?position=32&pageNum=0&refId=gOg7OO2M1AGUZ93A1sf2vg%3D%3D&trackingId=vreWrH%2BlK2ZFMXyxWjCLpw%3D%3D&trk=public_jobs_jserp-result_search-card,Mobicloud Technologies Private Limited
Full-Stack Developer (MERN),"Pune, Maharashtra, India",https://in.linkedin.com/jobs/view/full-stack-developer-mern-at-datapure-3627613208?position=33&pageNum=0&refId=gOg7OO2M1AGUZ93A1sf2vg%3D%3D&trackingId=PBS4VecTP9ZbT14NQ8vQcg%3D%3D&trk=public_jobs_jserp-result_search-card,DataPure
Software Developer,"Pune, Maharashtra, India",https://in.linkedin.com/jobs/view/software-developer-at-sourceone-3627615764?position=34&pageNum=0&refId=gOg7OO2M1AGUZ93A1sf2vg%3D%3D&trackingId=eF%2Bi09xcnPZxFDwB35AyPw%3D%3D&trk=public_jobs_jserp-result_search-card,SourceOne
Full stack Software Developer,"Pune, Maharashtra, India",https://in.linkedin.com/jobs/view/full-stack-software-developer-at-arrowpe-3731583707?position=35&pageNum=0&refId=gOg7OO2M1AGUZ93A1sf2vg%3D%3D&trackingId=gRDmOSPBMfFG8SYoKWujcg%3D%3D&trk=public_jobs_jserp-result_search-card,ArrowPe
Interesting Job Opportunity: Java Developer - Full Stack Technologies,"Pune, Maharashtra, India",https://in.linkedin.com/jobs/view/interesting-job-opportunity-java-developer-full-stack-technologies-at-deqode-3945535890?position=36&pageNum=0&refId=gOg7OO2M1AGUZ93A1sf2vg%3D%3D&trackingId=WEWURXO1QBAxc8xzdHk3bg%3D%3D&trk=public_jobs_jserp-result_search-card,Deqode
Full Stack Developer,"Pune, Maharashtra, India",https://in.linkedin.com/jobs/view/full-stack-developer-at-greenie-3968053597?position=37&pageNum=0&refId=gOg7OO2M1AGUZ93A1sf2vg%3D%3D&trackingId=atlfRJ5P1LkvLikwfclTzQ%3D%3D&trk=public_jobs_jserp-result_search-card,Greenie
Full Stack Developer,Pune/Pimpri-Chinchwad Area,https://in.linkedin.com/jobs/view/full-stack-developer-at-dubai-jobs-gulf-jobs-jobs-in-dubai-qatar-kuwait-boyen-haddin-the-giant-hr-consultant-3936808531?position=38&pageNum=0&refId=gOg7OO2M1AGUZ93A1sf2vg%3D%3D&trackingId=%2FzX7UEQJVv5GGhbVmFiwUw%3D%3D&trk=public_jobs_jserp-result_search-card,"Dubai Jobs, Gulf Jobs, Jobs in Dubai, Qatar, Kuwait - Boyen Haddin & The Giant HR Consultant"
Custom Applications (Full Stack,"Pune, Maharashtra, India",https://in.linkedin.com/jobs/view/custom-applications-full-stack-at-voco-technologies-3677269028?position=39&pageNum=0&refId=gOg7OO2M1AGUZ93A1sf2vg%3D%3D&trackingId=HgbnY8%2FDszzP8WanRdAerA%3D%3D&trk=public_jobs_jserp-result_search-card,VOCO Technologies
Web Developer (PHP Full-Stack),"Pune, Maharashtra, India",https://in.linkedin.com/jobs/view/web-developer-php-full-stack-at-tata-technologies-3977699660?position=40&pageNum=0&refId=gOg7OO2M1AGUZ93A1sf2vg%3D%3D&trackingId=3V5OXM7AkFdNAiKPc13yXg%3D%3D&trk=public_jobs_jserp-result_search-card,Tata Technologies
Full Stack Developer,"Pune, Maharashtra, India",https://in.linkedin.com/jobs/view/full-stack-developer-at-tech-mahindra-3965459484?position=41&pageNum=0&refId=gOg7OO2M1AGUZ93A1sf2vg%3D%3D&trackingId=tEeKxWGF1gTRSUrYj1lcGw%3D%3D&trk=public_jobs_jserp-result_search-card,Tech Mahindra
Full Stack Developer,"Pune, Maharashtra, India",https://in.linkedin.com/jobs/view/full-stack-developer-at-zigsaw-3680801488?position=42&pageNum=0&refId=gOg7OO2M1AGUZ93A1sf2vg%3D%3D&trackingId=ZISxk8pg9YuDKkJb1O%2BSig%3D%3D&trk=public_jobs_jserp-result_search-card,Zigsaw
Full Stack Developer,"Pune, Maharashtra, India",https://in.linkedin.com/jobs/view/full-stack-developer-at-scandid-3912865656?position=43&pageNum=0&refId=gOg7OO2M1AGUZ93A1sf2vg%3D%3D&trackingId=xXw3hfYEGcS8wcIoE5kFRg%3D%3D&trk=public_jobs_jserp-result_search-card,Scandid
Developer,"Pune, Maharashtra, India",https://in.linkedin.com/jobs/view/developer-at-wipro-3969957177?position=44&pageNum=0&refId=gOg7OO2M1AGUZ93A1sf2vg%3D%3D&trackingId=tqY7glhP3zULxt5EbOrGQA%3D%3D&trk=public_jobs_jserp-result_search-card,Wipro
Java Full Stack Developer (Immediate interviews),"Pune, Maharashtra, India",https://in.linkedin.com/jobs/view/java-full-stack-developer-immediate-interviews-at-birlasoft-3948371231?position=45&pageNum=0&refId=gOg7OO2M1AGUZ93A1sf2vg%3D%3D&trackingId=7scUkPnibzWoHY%2BKRO2DEg%3D%3D&trk=public_jobs_jserp-result_search-card,Birlasoft
Full Stack Developer,"Pune, Maharashtra, India",https://in.linkedin.com/jobs/view/full-stack-developer-at-zigsaw-3681440981?position=46&pageNum=0&refId=gOg7OO2M1AGUZ93A1sf2vg%3D%3D&trackingId=Nt2Y5HcqToOhVw5WrDlzBg%3D%3D&trk=public_jobs_jserp-result_search-card,Zigsaw
Full - Stack Developer,"Pune, Maharashtra, India",https://in.linkedin.com/jobs/view/full-stack-developer-at-humancloud-3627614349?position=47&pageNum=0&refId=gOg7OO2M1AGUZ93A1sf2vg%3D%3D&trackingId=KrGoNxOZvtQl3n3Pr4DsGg%3D%3D&trk=public_jobs_jserp-result_search-card,humancloud
Full Stack Developer,"Pune, Maharashtra, India",https://in.linkedin.com/jobs/view/full-stack-developer-at-taliun-3627622069?position=48&pageNum=0&refId=gOg7OO2M1AGUZ93A1sf2vg%3D%3D&trackingId=k0bohI2YPq0ORPLTfwyeJQ%3D%3D&trk=public_jobs_jserp-result_search-card,Taliun
Full stack Developer,"Pune, Maharashtra, India",https://in.linkedin.com/jobs/view/full-stack-developer-at-3ri-technologies-pvt-ltd-3909395832?position=49&pageNum=0&refId=gOg7OO2M1AGUZ93A1sf2vg%3D%3D&trackingId=U7ddvgRd3xxfmpqvIiWKyA%3D%3D&trk=public_jobs_jserp-result_search-card,3RI Technologies Pvt. Ltd.
Full Stack Developer,"Pune, Maharashtra, India",https://in.linkedin.com/jobs/view/full-stack-developer-at-zigsaw-3650019636?position=50&pageNum=0&refId=gOg7OO2M1AGUZ93A1sf2vg%3D%3D&trackingId=JcIatdmuvId7MQY%2FWJBbIA%3D%3D&trk=public_jobs_jserp-result_search-card,Zigsaw
Full Stack Engineer,"Pune, Maharashtra, India",https://in.linkedin.com/jobs/view/full-stack-engineer-at-persistent-systems-3980199268?position=51&pageNum=0&refId=gOg7OO2M1AGUZ93A1sf2vg%3D%3D&trackingId=7pm%2FJo2jX8LsWSkCchSzTQ%3D%3D&trk=public_jobs_jserp-result_search-card,Persistent Systems
Full Stack Developer,"Pune, Maharashtra, India",https://in.linkedin.com/jobs/view/full-stack-developer-at-sms-magic-3849664255?position=52&pageNum=0&refId=gOg7OO2M1AGUZ93A1sf2vg%3D%3D&trackingId=gKsu6Rs9dNG3RHcZoWleyw%3D%3D&trk=public_jobs_jserp-result_search-card,SMS-Magic
Full Stack Developer,"Pune, Maharashtra, India",https://in.linkedin.com/jobs/view/full-stack-developer-at-volantis-technologies-private-limited-3716042155?position=53&pageNum=0&refId=gOg7OO2M1AGUZ93A1sf2vg%3D%3D&trackingId=7%2FKoZBlb5ioPA08WYiGOcw%3D%3D&trk=public_jobs_jserp-result_search-card,Volantis Technologies Private Limited
UI Developer,"Pune, Maharashtra, India",https://in.linkedin.com/jobs/view/ui-developer-at-yuktamedia-3829309927?position=54&pageNum=0&refId=gOg7OO2M1AGUZ93A1sf2vg%3D%3D&trackingId=AxYy2jyXmfYvZBuEM%2F2puQ%3D%3D&trk=public_jobs_jserp-result_search-card,YuktaMedia
FULL STACK DEVELOPER,"Pune, Maharashtra, India",https://in.linkedin.com/jobs/view/full-stack-developer-at-nexsys-3627618071?position=55&pageNum=0&refId=gOg7OO2M1AGUZ93A1sf2vg%3D%3D&trackingId=HwuhRPa1TgdyKZ2XrqjSkA%3D%3D&trk=public_jobs_jserp-result_search-card,NEXSYS
JAVA FULL STACK DEVELOPER with AWS,"Pune, Maharashtra, India",https://in.linkedin.com/jobs/view/java-full-stack-developer-with-aws-at-tetrahed-inc-3971134694?position=56&pageNum=0&refId=gOg7OO2M1AGUZ93A1sf2vg%3D%3D&trackingId=9FGkBUIlye3P54g8hIkIgA%3D%3D&trk=public_jobs_jserp-result_search-card,TETRAHED INC
Java Developer,"Pune, Maharashtra, India",https://in.linkedin.com/jobs/view/java-developer-at-qrata-3683207405?position=57&pageNum=0&refId=gOg7OO2M1AGUZ93A1sf2vg%3D%3D&trackingId=eQsG0EATeqM9zXJKwoHkbw%3D%3D&trk=public_jobs_jserp-result_search-card,Qrata
Full Stack Developer,"Pune, Maharashtra, India",https://in.linkedin.com/jobs/view/full-stack-developer-at-telamon-hr-solutions-3694155018?position=58&pageNum=0&refId=gOg7OO2M1AGUZ93A1sf2vg%3D%3D&trackingId=7DrD0rtti3r6oOTDUUKoxg%3D%3D&trk=public_jobs_jserp-result_search-card,Telamon HR Solutions
Full Stack Developer Training,"Pune, Maharashtra, India",https://in.linkedin.com/jobs/view/full-stack-developer-training-at-optical-arc-pvt-ltd-3968064123?position=59&pageNum=0&refId=gOg7OO2M1AGUZ93A1sf2vg%3D%3D&trackingId=1RbLGrYzmAZGIQYYoCGJDA%3D%3D&trk=public_jobs_jserp-result_search-card,Optical Arc Pvt. Ltd.
"Software Engineer, University Graduate, 2025","Pune, Maharashtra, India",https://in.linkedin.com/jobs/view/software-engineer-university-graduate-2025-at-google-3967734045?position=1&pageNum=0&refId=jHanwRRXhXk8exk86xJBIQ%3D%3D&trackingId=ckvsmczN%2Bj6SgXcHxn%2Bi6w%3D%3D&trk=public_jobs_jserp-result_search-card,Google
"Software Engineer - Backend (3-5yrs), Pune","Pune, Maharashtra, India",https://in.linkedin.com/jobs/view/software-engineer-backend-3-5yrs-pune-at-phonepe-3807707414?position=2&pageNum=0&refId=jHanwRRXhXk8exk86xJBIQ%3D%3D&trackingId=QbMqTV5mTrTvL5aTikEmEw%3D%3D&trk=public_jobs_jserp-result_search-card,PhonePe
Full Stack Engineer,"Pune, Maharashtra, India",https://in.linkedin.com/jobs/view/full-stack-engineer-at-easebuzz-3625371911?position=3&pageNum=0&refId=jHanwRRXhXk8exk86xJBIQ%3D%3D&trackingId=B%2BWYk9byV7lstTZUL8U84g%3D%3D&trk=public_jobs_jserp-result_search-card,Easebuzz
Full Stack Developer,"Pune, Maharashtra, India",https://in.linkedin.com/jobs/view/full-stack-developer-at-easebuzz-3627615485?position=4&pageNum=0&refId=jHanwRRXhXk8exk86xJBIQ%3D%3D&trackingId=GdIe6F5RFDYhlh0zP6JuNw%3D%3D&trk=public_jobs_jserp-result_search-card,Easebuzz
Backend Developer,"Pune, Maharashtra, India",https://in.linkedin.com/jobs/view/backend-developer-at-easebuzz-3829308907?position=5&pageNum=0&refId=jHanwRRXhXk8exk86xJBIQ%3D%3D&trackingId=T93HW7RoN96sEV1vBzMHtw%3D%3D&trk=public_jobs_jserp-result_search-card,Easebuzz
Frontend Developer - Javascript,"Pune, Maharashtra, India",https://in.linkedin.com/jobs/view/frontend-developer-javascript-at-visionyle-solutions-3965448578?position=6&pageNum=0&refId=jHanwRRXhXk8exk86xJBIQ%3D%3D&trackingId=9dYNU%2FKpqi0NA%2FAgFQ%2FZvA%3D%3D&trk=public_jobs_jserp-result_search-card,Visionyle Solutions
Software Developer,"Pune, Maharashtra, India",https://in.linkedin.com/jobs/view/software-developer-at-upstack-solutions-pvt-ltd-3656598136?position=7&pageNum=0&refId=jHanwRRXhXk8exk86xJBIQ%3D%3D&trackingId=jOnZ72YQIGRXcq2%2BCbuwrg%3D%3D&trk=public_jobs_jserp-result_search-card,UPstack Solutions Pvt Ltd
Software Development Engineer,"Pune, Maharashtra, India",https://in.linkedin.com/jobs/view/software-development-engineer-at-xpressbees-busybees-logistics-solutions-pvt-ltd-3627613617?position=8&pageNum=0&refId=jHanwRRXhXk8exk86xJBIQ%3D%3D&trackingId=qhL594kCTrSGq7y1jo80Cg%3D%3D&trk=public_jobs_jserp-result_search-card,Xpressbees (BusyBees Logistics Solutions Pvt. Ltd.)
Junior Software Developer,"Pune, Maharashtra, India",https://in.linkedin.com/jobs/view/junior-software-developer-at-renee-technologies-3761409801?position=9&pageNum=0&refId=jHanwRRXhXk8exk86xJBIQ%3D%3D&trackingId=L4%2Bf9fu7LEA3PZ74MueBpA%3D%3D&trk=public_jobs_jserp-result_search-card,Renee Technologies
Java Developer,"Pune, Maharashtra, India",https://in.linkedin.com/jobs/view/java-developer-at-entytle-3627625141?position=10&pageNum=0&refId=jHanwRRXhXk8exk86xJBIQ%3D%3D&trackingId=lfW%2FAwHqhxGVrEcSUgHaUA%3D%3D&trk=public_jobs_jserp-result_search-card,Entytle
Walkin- FirstCry - PHP Developer - Node.js/MySQL/Laravel,"Pune, Maharashtra, India",https://in.linkedin.com/jobs/view/walkin-firstcry-php-developer-node-js-mysql-laravel-at-firstcry-com-brainbees-solutions-ltd-3945540310?position=11&pageNum=0&refId=jHanwRRXhXk8exk86xJBIQ%3D%3D&trackingId=0VdGwyvhHRwGbOycoI%2FfAw%3D%3D&trk=public_jobs_jserp-result_search-card,FirstCry.com (BrainBees Solutions Ltd.)
Software Developer(Fresher),"Pune, Maharashtra, India",https://in.linkedin.com/jobs/view/software-developer-fresher-at-telamon-hr-solutions-3965108007?position=12&pageNum=0&refId=jHanwRRXhXk8exk86xJBIQ%3D%3D&trackingId=R104QPDrNuVXH8rO%2FTEwvA%3D%3D&trk=public_jobs_jserp-result_search-card,Telamon HR Solutions
LTIMindtree Hiring- Java Developer - Pune!,"Pune, Maharashtra, India",https://in.linkedin.com/jobs/view/ltimindtree-hiring-java-developer-pune%21-at-ltimindtree-3966805909?position=13&pageNum=0&refId=jHanwRRXhXk8exk86xJBIQ%3D%3D&trackingId=fNPeSSQcgbH7FNL7B1T9Aw%3D%3D&trk=public_jobs_jserp-result_search-card,LTIMindtree
SDE 1 (Java),"Pune, Maharashtra, India",https://in.linkedin.com/jobs/view/sde-1-java-at-intalk-io-agami-tech-pvt-ltd-3627613728?position=14&pageNum=0&refId=jHanwRRXhXk8exk86xJBIQ%3D%3D&trackingId=Ljlt6uk9OIi4WYXto%2FSsRQ%3D%3D&trk=public_jobs_jserp-result_search-card,intalk.io - Agami Tech Pvt Ltd.
"Full Stack developer with JAVA, SQL, ReAct, Python","Pune, Maharashtra, India",https://in.linkedin.com/jobs/view/full-stack-developer-with-java-sql-react-python-at-deutsche-bank-3913346151?position=15&pageNum=0&refId=jHanwRRXhXk8exk86xJBIQ%3D%3D&trackingId=VP717OdA3M2HliJTf35hVw%3D%3D&trk=public_jobs_jserp-result_search-card,Deutsche Bank
Frontend Developer,"Pune, Maharashtra, India",https://in.linkedin.com/jobs/view/frontend-developer-at-zensar-technologies-3958865330?position=16&pageNum=0&refId=jHanwRRXhXk8exk86xJBIQ%3D%3D&trackingId=UwuqjY9F8%2FzDvB48Zmok8Q%3D%3D&trk=public_jobs_jserp-result_search-card,Zensar Technologies
Software Engineer,"Pune, Maharashtra, India",https://in.linkedin.com/jobs/view/software-engineer-at-tech-mahindra-3958797862?position=17&pageNum=0&refId=jHanwRRXhXk8exk86xJBIQ%3D%3D&trackingId=nj0DIdiMRYUhLH8vr0l9ag%3D%3D&trk=public_jobs_jserp-result_search-card,Tech Mahindra
SDE - I [ Full-Stack ],"Pune, Maharashtra, India",https://in.linkedin.com/jobs/view/sde-i-full-stack-at-townscript-3727756685?position=18&pageNum=0&refId=jHanwRRXhXk8exk86xJBIQ%3D%3D&trackingId=HGui1HoK8RbeVSBZ%2BJfXew%3D%3D&trk=public_jobs_jserp-result_search-card,Townscript
Java Developer,"Pune, Maharashtra, India",https://in.linkedin.com/jobs/view/java-developer-at-infosys-3980700948?position=19&pageNum=0&refId=jHanwRRXhXk8exk86xJBIQ%3D%3D&trackingId=gbbufscfPSdRmG2gHUCrPw%3D%3D&trk=public_jobs_jserp-result_search-card,Infosys
Java Developer,"Pune, Maharashtra, India",https://in.linkedin.com/jobs/view/java-developer-at-capgemini-3978351714?position=20&pageNum=0&refId=jHanwRRXhXk8exk86xJBIQ%3D%3D&trackingId=eAz3CRRqLBJ90r3FaCCC2Q%3D%3D&trk=public_jobs_jserp-result_search-card,Capgemini
Full Stack Developer,"Pune, Maharashtra, India",https://in.linkedin.com/jobs/view/full-stack-developer-at-catalyst-it-3760311389?position=21&pageNum=0&refId=jHanwRRXhXk8exk86xJBIQ%3D%3D&trackingId=5gO4vsi1Le0tcVFskZuCag%3D%3D&trk=public_jobs_jserp-result_search-card,Catalyst IT
"Full Stack developer with JAVA, SQL, ReAct, Python","Pune, Maharashtra, India",https://in.linkedin.com/jobs/view/full-stack-developer-with-java-sql-react-python-at-deutsche-bank-3913345177?position=22&pageNum=0&refId=jHanwRRXhXk8exk86xJBIQ%3D%3D&trackingId=DpMFk0SDIsLpt%2FWlUhW0aQ%3D%3D&trk=public_jobs_jserp-result_search-card,Deutsche Bank
"Full Stack developer with JAVA, SQL, ReAct, Python","Pune, Maharashtra, India",https://in.linkedin.com/jobs/view/full-stack-developer-with-java-sql-react-python-at-deutsche-bank-3914601419?position=23&pageNum=0&refId=jHanwRRXhXk8exk86xJBIQ%3D%3D&trackingId=%2B%2FHAIEa9tLx8gZwvqfD9Uw%3D%3D&trk=public_jobs_jserp-result_search-card,Deutsche Bank
Python Developer Freshers,"Pune, Maharashtra, India",https://in.linkedin.com/jobs/view/python-developer-freshers-at-pinnacle-tech-systems-3735520471?position=24&pageNum=0&refId=jHanwRRXhXk8exk86xJBIQ%3D%3D&trackingId=n72tjJhpRSdAV59zxSPc3A%3D%3D&trk=public_jobs_jserp-result_search-card,Pinnacle Tech Systems
"Full Stack Developer with JAVA, SQL, ReAct, Python","Pune, Maharashtra, India",https://in.linkedin.com/jobs/view/full-stack-developer-with-java-sql-react-python-at-deutsche-bank-3913343524?position=25&pageNum=0&refId=jHanwRRXhXk8exk86xJBIQ%3D%3D&trackingId=U6Pn6EJ7XIx%2FzgZGrsUzow%3D%3D&trk=public_jobs_jserp-result_search-card,Deutsche Bank
Frontend Developer,"Pune, Maharashtra, India",https://in.linkedin.com/jobs/view/frontend-developer-at-brandzgarage-3627620781?position=26&pageNum=0&refId=jHanwRRXhXk8exk86xJBIQ%3D%3D&trackingId=0SBWGZuRjf1J5Q1DmP4%2BHw%3D%3D&trk=public_jobs_jserp-result_search-card,BrandzGarage
Java Developer,"Pune, Maharashtra, India",https://in.linkedin.com/jobs/view/java-developer-at-infosys-3980704679?position=27&pageNum=0&refId=jHanwRRXhXk8exk86xJBIQ%3D%3D&trackingId=oh8v2w9mrJP9zjqNjeXVZw%3D%3D&trk=public_jobs_jserp-result_search-card,Infosys
Frontend Developer,"Pune, Maharashtra, India",https://in.linkedin.com/jobs/view/frontend-developer-at-1tap-3968061173?position=28&pageNum=0&refId=jHanwRRXhXk8exk86xJBIQ%3D%3D&trackingId=KWJ77KTfuR9Es%2FKRg1Rf%2FA%3D%3D&trk=public_jobs_jserp-result_search-card,1Tap
Frontend Engineer,"Pune, Maharashtra, India",https://in.linkedin.com/jobs/view/frontend-engineer-at-fusemachines-3903381394?position=29&pageNum=0&refId=jHanwRRXhXk8exk86xJBIQ%3D%3D&trackingId=%2B2R6WQGOtvSmNnGDmMGazw%3D%3D&trk=public_jobs_jserp-result_search-card,Fusemachines
Frontend Developer,"Pune, Maharashtra, India",https://in.linkedin.com/jobs/view/frontend-developer-at-startupwala-3656597318?position=30&pageNum=0&refId=jHanwRRXhXk8exk86xJBIQ%3D%3D&trackingId=0xEj2%2FM7ntzmkJryv7E3fA%3D%3D&trk=public_jobs_jserp-result_search-card,Startupwala
"Full Stack Developer with Java, SQL, React, Python","Pune, Maharashtra, India",https://in.linkedin.com/jobs/view/full-stack-developer-with-java-sql-react-python-at-deutsche-bank-3918793706?position=31&pageNum=0&refId=jHanwRRXhXk8exk86xJBIQ%3D%3D&trackingId=eR5PegzZM9SnVKOIpPg4hQ%3D%3D&trk=public_jobs_jserp-result_search-card,Deutsche Bank
Java Developer,"Pune, Maharashtra, India",https://in.linkedin.com/jobs/view/java-developer-at-infosys-3980703652?position=32&pageNum=0&refId=jHanwRRXhXk8exk86xJBIQ%3D%3D&trackingId=mHi7PkFSUeBw%2BoUvzDUX2w%3D%3D&trk=public_jobs_jserp-result_search-card,Infosys
HTML Developer,"Pune, Maharashtra, India",https://in.linkedin.com/jobs/view/html-developer-at-cv-ease-online-resume-builder-3676402639?position=33&pageNum=0&refId=jHanwRRXhXk8exk86xJBIQ%3D%3D&trackingId=c6qNN1xa%2BRBjI2MEw0eJRA%3D%3D&trk=public_jobs_jserp-result_search-card,CV Ease - Online Resume Builder
Web Developer,"Pune, Maharashtra, India",https://in.linkedin.com/jobs/view/web-developer-at-manabh-software-3917301999?position=34&pageNum=0&refId=jHanwRRXhXk8exk86xJBIQ%3D%3D&trackingId=B7TwA%2Fz%2BMEdQy96ajAabsg%3D%3D&trk=public_jobs_jserp-result_search-card,Manabh Software
Back End Developer,"Pune, Maharashtra, India",https://in.linkedin.com/jobs/view/back-end-developer-at-wipro-3964020745?position=35&pageNum=0&refId=jHanwRRXhXk8exk86xJBIQ%3D%3D&trackingId=i7ZXCtuIxTphdQvxASe%2BeA%3D%3D&trk=public_jobs_jserp-result_search-card,Wipro
Python Developer Freshers,"Pune, Maharashtra, India",https://in.linkedin.com/jobs/view/python-developer-freshers-at-pinnacle-tech-systems-3782263487?position=36&pageNum=0&refId=jHanwRRXhXk8exk86xJBIQ%3D%3D&trackingId=jK5Bb8sxDg81kAhpj%2FWr3w%3D%3D&trk=public_jobs_jserp-result_search-card,Pinnacle Tech Systems
Java React JS Developer,"Pune, Maharashtra, India",https://in.linkedin.com/jobs/view/java-react-js-developer-at-infosys-3980702655?position=37&pageNum=0&refId=jHanwRRXhXk8exk86xJBIQ%3D%3D&trackingId=ce%2Fk4LxJlxg3wH2FJS6E0Q%3D%3D&trk=public_jobs_jserp-result_search-card,Infosys
Interesting Job Opportunity: Deqode - React.js Developer - AngularJS/Javascript,"Pune, Maharashtra, India",https://in.linkedin.com/jobs/view/interesting-job-opportunity-deqode-react-js-developer-angularjs-javascript-at-deqode-3928008200?position=38&pageNum=0&refId=jHanwRRXhXk8exk86xJBIQ%3D%3D&trackingId=VJNAYK7iE6%2BNkUrVQMNY5g%3D%3D&trk=public_jobs_jserp-result_search-card,Deqode
Software Developer,"Pune, Maharashtra, India",https://in.linkedin.com/jobs/view/software-developer-at-leap-info-systems-pvt-ltd-3656597439?position=39&pageNum=0&refId=jHanwRRXhXk8exk86xJBIQ%3D%3D&trackingId=VAvoIoeg2weaLZjGDIEk8A%3D%3D&trk=public_jobs_jserp-result_search-card,Leap Info Systems Pvt. Ltd
web developer,"Pune, Maharashtra, India",https://in.linkedin.com/jobs/view/web-developer-at-times-and-trends-academy-3799625033?position=40&pageNum=0&refId=jHanwRRXhXk8exk86xJBIQ%3D%3D&trackingId=AIDo4oPrMgWz59IVIpJ%2BRQ%3D%3D&trk=public_jobs_jserp-result_search-card,Times And Trends Academy
Back End Engineer,"Pune, Maharashtra, India",https://in.linkedin.com/jobs/view/back-end-engineer-at-deutsche-bank-3967578351?position=41&pageNum=0&refId=jHanwRRXhXk8exk86xJBIQ%3D%3D&trackingId=TuNUN0HzQaoycNWdMRuJKw%3D%3D&trk=public_jobs_jserp-result_search-card,Deutsche Bank
"Full Stack developer with JAVA, SQL, ReAct, Python","Pune, Maharashtra, India",https://in.linkedin.com/jobs/view/full-stack-developer-with-java-sql-react-python-at-deutsche-bank-3914497964?position=42&pageNum=0&refId=jHanwRRXhXk8exk86xJBIQ%3D%3D&trackingId=wxhuPccAsP%2B9gaBe2w4G2A%3D%3D&trk=public_jobs_jserp-result_search-card,Deutsche Bank
Java Developer,"Pune, Maharashtra, India",https://in.linkedin.com/jobs/view/java-developer-at-anveshak-technology-and-knowledge-solutions-3627621491?position=43&pageNum=0&refId=jHanwRRXhXk8exk86xJBIQ%3D%3D&trackingId=rlaenHm7ykv5gcuv%2BI0RAw%3D%3D&trk=public_jobs_jserp-result_search-card,Anveshak Technology and Knowledge Solutions
Core java Developer,"Pune, Maharashtra, India",https://in.linkedin.com/jobs/view/core-java-developer-at-h-s-corporation-ltd-3968037581?position=44&pageNum=0&refId=jHanwRRXhXk8exk86xJBIQ%3D%3D&trackingId=TpQIAbkbovPjBq3vqXRu1w%3D%3D&trk=public_jobs_jserp-result_search-card,H.S. Corporation Ltd.
Frontend Developer,"Pune, Maharashtra, India",https://in.linkedin.com/jobs/view/frontend-developer-at-debtors-watch-llp-3968025512?position=45&pageNum=0&refId=jHanwRRXhXk8exk86xJBIQ%3D%3D&trackingId=X7x06daNZ%2FPaLOeQhd4XDw%3D%3D&trk=public_jobs_jserp-result_search-card,Debtors Watch LLP
Software Engr I,"Pune, Maharashtra, India",https://in.linkedin.com/jobs/view/software-engr-i-at-honeywell-3981509672?position=46&pageNum=0&refId=jHanwRRXhXk8exk86xJBIQ%3D%3D&trackingId=j5%2BcBf9QuLLnxXb%2BI%2BDzUg%3D%3D&trk=public_jobs_jserp-result_search-card,Honeywell
Front-End Developer,"Pune, Maharashtra, India",https://in.linkedin.com/jobs/view/front-end-developer-at-hiring-india-recruitment-3968037258?position=47&pageNum=0&refId=jHanwRRXhXk8exk86xJBIQ%3D%3D&trackingId=NEbtI3EuwrFEMIQfjWoEAg%3D%3D&trk=public_jobs_jserp-result_search-card,Hiring India Recruitment
Software Software Development,"Pune, Maharashtra, India",https://in.linkedin.com/jobs/view/software-software-development-at-rd-global-solutions-3912864914?position=48&pageNum=0&refId=jHanwRRXhXk8exk86xJBIQ%3D%3D&trackingId=fKqtlYJcvGpZcHco91FQCg%3D%3D&trk=public_jobs_jserp-result_search-card,RD Global Solutions
Frontend Developer Intern,"Pune, Maharashtra, India",https://in.linkedin.com/jobs/view/frontend-developer-intern-at-centre-for-computational-technologies-cctech-3979450484?position=49&pageNum=0&refId=jHanwRRXhXk8exk86xJBIQ%3D%3D&trackingId=%2BoUHMEyGEWN7l8vtb3ZbaQ%3D%3D&trk=public_jobs_jserp-result_search-card,Centre for Computational Technologies (CCTech)
Interesting Job Opportunity: Java Developer - Spring Boot/Hibernate,"Pune, Maharashtra, India",https://in.linkedin.com/jobs/view/interesting-job-opportunity-java-developer-spring-boot-hibernate-at-deqode-3937234693?position=50&pageNum=0&refId=jHanwRRXhXk8exk86xJBIQ%3D%3D&trackingId=g%2B0hF634pGsoXVndrjcjUw%3D%3D&trk=public_jobs_jserp-result_search-card,Deqode
Front End Developer,"Pune, Maharashtra, India",https://in.linkedin.com/jobs/view/front-end-developer-at-jobdost-3656593756?position=51&pageNum=0&refId=jHanwRRXhXk8exk86xJBIQ%3D%3D&trackingId=moLuMInLcbzcXr4A91uwRA%3D%3D&trk=public_jobs_jserp-result_search-card,JobDost
Python Developer,"Pune, Maharashtra, India",https://in.linkedin.com/jobs/view/python-developer-at-tata-technologies-3927295831?position=52&pageNum=0&refId=jHanwRRXhXk8exk86xJBIQ%3D%3D&trackingId=fnP4OyrktlXPGC%2BuO1pvLw%3D%3D&trk=public_jobs_jserp-result_search-card,Tata Technologies
Full Stack Engineer Internship,"Pune, Maharashtra, India",https://in.linkedin.com/jobs/view/full-stack-engineer-internship-at-optical-arc-pvt-ltd-3968064321?position=53&pageNum=0&refId=jHanwRRXhXk8exk86xJBIQ%3D%3D&trackingId=qOd%2F%2FTramfWFQlJJpPcrfw%3D%3D&trk=public_jobs_jserp-result_search-card,Optical Arc Pvt. Ltd.
Jr. Solution Developer,"Pune, Maharashtra, India",https://in.linkedin.com/jobs/view/jr-solution-developer-at-tata-technologies-3962731845?position=54&pageNum=0&refId=jHanwRRXhXk8exk86xJBIQ%3D%3D&trackingId=gC46a9KWsq%2Bo66Jd1T5aTA%3D%3D&trk=public_jobs_jserp-result_search-card,Tata Technologies
Junior Developer (Java),"Pune, Maharashtra, India",https://in.linkedin.com/jobs/view/junior-developer-java-at-atlas-copco-group-3967156070?position=55&pageNum=0&refId=jHanwRRXhXk8exk86xJBIQ%3D%3D&trackingId=429MCukKrKJ6lIpeEljUCQ%3D%3D&trk=public_jobs_jserp-result_search-card,Atlas Copco Group
Interesting Job Opportunity: Deqode - React.js Developer - Javascript,"Pune, Maharashtra, India",https://in.linkedin.com/jobs/view/interesting-job-opportunity-deqode-react-js-developer-javascript-at-deqode-3928004326?position=56&pageNum=0&refId=jHanwRRXhXk8exk86xJBIQ%3D%3D&trackingId=Pmg2nOj8mEoxyx5ZmEkD4A%3D%3D&trk=public_jobs_jserp-result_search-card,Deqode
Full Stack Developer,"Pune, Maharashtra, India",https://in.linkedin.com/jobs/view/full-stack-developer-at-avaloq-3962732389?position=57&pageNum=0&refId=jHanwRRXhXk8exk86xJBIQ%3D%3D&trackingId=My8iyfmAY965A91Vk4BfvQ%3D%3D&trk=public_jobs_jserp-result_search-card,Avaloq
Frontend Developer,"Pune, Maharashtra, India",https://in.linkedin.com/jobs/view/frontend-developer-at-connexdoor-3656594713?position=58&pageNum=0&refId=jHanwRRXhXk8exk86xJBIQ%3D%3D&trackingId=djycosaLoE30zK9B0YBVDA%3D%3D&trk=public_jobs_jserp-result_search-card,Connexdoor
Web Developer,"Pune, Maharashtra, India",https://in.linkedin.com/jobs/view/web-developer-at-datastack-technologies-3627618896?position=59&pageNum=0&refId=jHanwRRXhXk8exk86xJBIQ%3D%3D&trackingId=jf%2BBiJ6CemqnyVxW8B%2FWHg%3D%3D&trk=public_jobs_jserp-result_search-card,Datastack Technologies
